,kg/L,lb/gal,in_mix,N,P,K,Ca,Mg,S,Fe
O&F,0.20606060606060608,1.719658181818182,0.929444,0.3,0.45,0.05,1.0,,,
NEEM,0.709375,5.9200181249999995,0.003888,6.0,1.0,2.0,,,,
KELP,0.9523809523809524,7.948,0.046666,1.0,0.0,2.0,1.0,0.5,2.0,
NAPR,0.16071428571428573,1.3412250000000001,0.02,6.0,3.0,3.5,7.0,0.7,2.5,0.2
